{
  "radii": [
    24.324,
    18.918,
    20.3,
    13.203,
    11.073,
    14.282,
    17.203,
    28.203000000000003
  ],
  "z_increment": 15.320000000000002,
  "seed_count": 120,
  "random_seed": 783,
  "extrusion_multiplier": -0.2,
  "scale_x": 0.5,
  "scale_y": 0.5,
  "circle_resolution": 120,
  "bbox_padding": 4.0,
  "line_tolerance": 0.001
}