{
  "radii": [
    8.91,
    27.09,
    20.3,
    25.46,
    14.23,
    11.495999999999999,
    17.203,
    28.017000000000003
  ],
  "z_increment": 15.320000000000002,
  "seed_count": 52,
  "random_seed": 783,
  "extrusion_multiplier": -0.2,
  "scale_x": 0.5,
  "scale_y": 0.5
}